{
  "wav_path": "assets\\hello_zh.wav",
  "dur": 2.32,
  "timestamps": [
    [
      0.44,
      1.82
    ]
  ],
  "feat_shape": [
    230,
    80
  ],
  "feat_row0_head": [
    -1.1367623805999756,
    -1.0803364515304565,
    -1.2013964653015137,
    -1.2104157209396362,
    -1.2255488634109497,
    -1.2295477390289307,
    -1.229166865348816,
    -1.262852668762207
  ],
  "probs_len": 230,
  "probs_head": [
    0.010594918392598629,
    0.009086789563298225,
    0.009327246807515621,
    0.008342994377017021,
    0.007972762919962406,
    0.007732131518423557,
    0.007761909626424313,
    0.007377623114734888,
    0.00707974610850215,
    0.00746199581772089,
    0.007304942701011896,
    0.007674952037632465,
    0.008166960440576077,
    0.008409406058490276,
    0.008160755969583988,
    0.008046455681324005,
    0.008674927987158298,
    0.008855299092829227,
    0.008588643744587898,
    0.008552296087145805
  ]
}